index,0,1
0,0.696711048442949,0.6237850061382418
1,-1.3955143222565978,-1.249443240523143
